{"cameraMode":{"drawMode":0,"name":"Shaded","section":"Shading Mode"},"sceneLighting":true,"audioPlay":false,"sceneViewState":{"m_AlwaysRefresh":false,"showFog":true,"showSkybox":true,"showFlares":true,"showImageEffects":true,"showParticleSystems":true,"showVisualEffectGraphs":true,"m_FxEnabled":true},"in2DMode":false,"pivot":{"x":-3.8914194107055666,"y":-96.79327392578125,"z":118.58322143554688},"rotation":{"x":0.29637718200683596,"y":0.002864836947992444,"z":-0.0008879503584466875,"w":0.9550681114196777},"size":324.668701171875,"orthographic":false}